{
    "personalTheme": {
        "colorRowEven": {
            "r": 0.760784387588501,
            "g": 0.760784387588501,
            "b": 0.760784387588501,
            "a": 1.0
        },
        "colorRowOdd": {
            "r": 0.7830188870429993,
            "g": 0.7830188870429993,
            "b": 0.7830188870429993,
            "a": 1.0
        },
        "colorGrid": {
            "r": 0.0,
            "g": 0.0,
            "b": 0.0,
            "a": 0.16078431904315949
        },
        "colorTreeView": {
            "r": 0.47843137383461,
            "g": 0.47843137383461,
            "b": 0.47843137383461,
            "a": 1.0
        },
        "colorLockIcon": {
            "r": 0.3176470696926117,
            "g": 0.3176470696926117,
            "b": 0.3176470696926117,
            "a": 1.0
        },
        "tagColor": {
            "r": 0.0,
            "g": 0.0,
            "b": 0.0,
            "a": 1.0
        },
        "layerColor": {
            "r": 0.0,
            "g": 0.0,
            "b": 0.0,
            "a": 1.0
        },
        "comSelBGColor": {
            "r": 0.9198113083839417,
            "g": 0.9645066857337952,
            "b": 1.0,
            "a": 1.0
        },
        "selectionColor": {
            "r": 0.0,
            "g": 0.5490196347236633,
            "b": 1.0,
            "a": 0.501960813999176
        },
        "colorHeaderTitle": {
            "r": 0.0784313753247261,
            "g": 0.0784313753247261,
            "b": 0.0784313753247261,
            "a": 1.0
        },
        "colorHeaderBackground": {
            "r": 0.9098039269447327,
            "g": 0.9098039269447327,
            "b": 0.9098039269447327,
            "a": 1.0
        }
    },
    "professionalTheme": {
        "colorRowEven": {
            "r": 0.21176470816135407,
            "g": 0.21176470816135407,
            "b": 0.21176470816135407,
            "a": 1.0
        },
        "colorRowOdd": {
            "r": 0.21960784494876862,
            "g": 0.21960784494876862,
            "b": 0.21960784494876862,
            "a": 1.0
        },
        "colorGrid": {
            "r": 0.2924528121948242,
            "g": 0.2924528121948242,
            "b": 0.2924528121948242,
            "a": 1.0
        },
        "colorTreeView": {
            "r": 0.08235294371843338,
            "g": 0.6117647290229797,
            "b": 0.32549020648002627,
            "a": 1.0
        },
        "colorLockIcon": {
            "r": 0.0,
            "g": 0.06282711029052735,
            "b": 1.0,
            "a": 1.0
        },
        "tagColor": {
            "r": 0.0,
            "g": 0.0,
            "b": 0.0,
            "a": 0.0
        },
        "layerColor": {
            "r": 0.7058823704719544,
            "g": 0.7058823704719544,
            "b": 0.7058823704719544,
            "a": 1.0
        },
        "comSelBGColor": {
            "r": 0.7924528121948242,
            "g": 0.0,
            "b": 0.5601075291633606,
            "a": 0.5529412031173706
        },
        "selectionColor": {
            "r": 0.1725490242242813,
            "g": 0.364705890417099,
            "b": 0.529411792755127,
            "a": 1.0
        },
        "colorHeaderTitle": {
            "r": 0.0,
            "g": 0.0,
            "b": 0.0,
            "a": 1.0
        },
        "colorHeaderBackground": {
            "r": 0.08388218283653259,
            "g": 0.6132075786590576,
            "b": 0.3252962529659271,
            "a": 1.0
        }
    },
    "playmodeTheme": {
        "colorRowEven": {
            "r": 0.169411763548851,
            "g": 0.169411763548851,
            "b": 0.169411763548851,
            "a": 1.0
        },
        "colorRowOdd": {
            "r": 0.1756862848997116,
            "g": 0.1756862848997116,
            "b": 0.1756862848997116,
            "a": 1.0
        },
        "colorGrid": {
            "r": 0.2339622527360916,
            "g": 0.2339622527360916,
            "b": 0.2339622527360916,
            "a": 1.0
        },
        "colorTreeView": {
            "r": 0.0658823549747467,
            "g": 0.4894118010997772,
            "b": 0.2603921592235565,
            "a": 1.0
        },
        "colorLockIcon": {
            "r": 0.0,
            "g": 0.050261687487363818,
            "b": 0.800000011920929,
            "a": 1.0
        },
        "tagColor": {
            "r": 0.0,
            "g": 0.0,
            "b": 0.0,
            "a": 0.0
        },
        "layerColor": {
            "r": 0.5647059082984924,
            "g": 0.5647059082984924,
            "b": 0.5647059082984924,
            "a": 1.0
        },
        "comSelBGColor": {
            "r": 0.6339622735977173,
            "g": 0.0,
            "b": 0.4480860233306885,
            "a": 0.5529412031173706
        },
        "selectionColor": {
            "r": 0.1380392163991928,
            "g": 0.2917647063732147,
            "b": 0.4235294461250305,
            "a": 1.0
        },
        "colorHeaderTitle": {
            "r": 0.0,
            "g": 0.0,
            "b": 0.0,
            "a": 1.0
        },
        "colorHeaderBackground": {
            "r": 0.0671057477593422,
            "g": 0.49056607484817507,
            "b": 0.2602370083332062,
            "a": 1.0
        }
    },
    "activeHierarchy": true,
    "displayCustomObjectIcon": true,
    "displayTreeView": true,
    "displayRowBackground": true,
    "displayGrid": true,
    "displayStaticButton": true,
    "offSetIconAfterName": 8,
    "displayComponents": true,
    "componentAlignment": 1,
    "componentDisplayMode": 3,
    "components": [
        "",
        "RectTransform",
        "CanvasRenderer",
        "CanvasScaler",
        "GraphicRaycaster",
        "MeshFilter",
        ""
    ],
    "componentLimited": 0,
    "componentSize": 16,
    "componentSpacing": 0,
    "displayTag": false,
    "tagAlignment": 0,
    "displayLayer": false,
    "layerAlignment": 0,
    "applyStaticTargetAndChild": true,
    "applyTagTargetAndChild": false,
    "applyLayerTargetAndChild": false,
    "separatorStartWith": "=",
    "separatorDefaultTag": "Untagged",
    "useInstantBackground": false,
    "instantBackgroundColors": [],
    "onlyDisplayWhileMouseEnter": false,
    "contentDisplay": 0
}